[{"username":"raridoy","password":"11111111","user_type":"staff","logged_in":"2022-08-03 08:52:27"},{"username":"nayeem","password":"12345678","user_type":"student","logged_in":"2022-08-10 06:35:48"},{"username":"nayeem","password":"12345678","user_type":"student","logged_in":"2022-08-10 08:25:01"},{"username":"nayeem","password":"12345678","user_type":"student","logged_in":"2022-08-10 08:25:15"},{"username":"nayeem","password":"12345678","user_type":"student","logged_in":"2022-08-10 08:29:52"},{"username":"nayeem","password":"12345678","user_type":"student","logged_in":"2022-08-22 15:17:22"},{"username":"nayeem","password":"12345678","user_type":"student","logged_in":"2022-08-22 15:56:38"},{"username":"nayeem","password":"12345678","user_type":"student","logged_in":"2022-08-22 16:03:28"},{"username":"test","password":"11111111","user_type":"staff","logged_in":"2022-08-22 17:30:32"},{"username":"nayeem","password":"12345678","user_type":"student","logged_in":"2022-08-22 18:26:19"},{"username":"test","password":"11111111","user_type":"staff","logged_in":"2022-08-22 18:33:11"},{"username":"nayeem","password":"12345678","user_type":"student","logged_in":"2022-08-22 18:53:06"},{"username":"test","password":"11111111","user_type":"staff","logged_in":"2022-08-22 18:58:35"},{"username":"nayeem","password":"12345678","user_type":"student","logged_in":"2022-08-22 19:12:10"},{"username":"test","password":"11111111","user_type":"staff","logged_in":"2022-08-23 06:50:26"},{"username":"nayeem","password":"12345678","user_type":"student","logged_in":"2022-08-23 08:48:39"}]